EABU_REG/ACX_SERIES/FORTIUS/Infrastructure/COS/Scheduler/123_S2_fortius_20702_l2_cfm_intwrkng.pl,General,EOAM, -
EABU_REG/ACX_SERIES/FORTIUS/Infrastructure/COS/Scheduler/133_fortius_RLI19643_TDR.pl,General,LAG, -
EABU_REG/ACX_SERIES/FORTIUS/Infrastructure/COS/Scheduler/123_S2_fortius_20702_cfm_rstp.pl,General,EOAM, -
EABU_REG/ACX_SERIES/FORTIUS/Infrastructure/COS/Scheduler/123_S2_fortius_RLI16146_802dot1ad_QoS_basic.pl,General,COS, -
EABU_REG/ACX_SERIES/FORTIUS/Infrastructure/COS/Scheduler/123_S2_fortius_RLI16146_802dot1ad_QoS_scheduler.pl,General,COS, -
EABU_REG/ACX_SERIES/FORTIUS/Infrastructure/COS/Policer/123_S2_fortius_RLI16146_bridge_cos.pl,General,COS, -
EABU_REG/ACX_SERIES/FORTIUS/Infrastructure/Firewall/122_fortius_RLI14653_firewall_sanity.pl,General,Firewall, -
EABU_REG/ACX_SERIES/FORTIUS/Infrastructure/Firewall/122_fortius_RLI14653_mpls_filter_policer.pl,General,Policer, -
EABU_REG/ACX_SERIES/FORTIUS/Infrastructure/Firewall/122_fortius_RLI14653_physical_default_filter_policer.pl,General,Policer, -
EABU_REG/ACX_SERIES/FORTIUS/Infrastructure/Firewall/122_fortius_RLI14653_inet_output_filter_match_conditions.pl,General,Policer, -
EABU_REG/ACX_SERIES/FORTIUS/Infrastructure/Firewall/122_fortius_RLI14653_inet_input_int_filter_match_conditions.pl,General,Policer, -
EABU_REG/ACX_SERIES/FORTIUS/Infrastructure/Firewall/122_fortius_RLI14653_inet_input_phy_filter_match_conditions.pl,General,Policer, -
EABU_REG/ACX_SERIES/FORTIUS/Protocols/L2VPN/122_fortius_RLI14648_l2ckt_l2vpn_normalization.pl,General,L2, -
EABU_REG/ACX_SERIES/FORTIUS/Protocols/L2VPN/122_fortius_RLI14648_l2ckt_l2vpn_native_vlan_id.pl,General,L2, -
EABU_REG/ACX_SERIES/FORTIUS/Protocols/L3/122_fortius_RLI14647_bgp_route_refresh.pl,General,BGP, -
EABU_REG/ACX_SERIES/FORTIUS/Protocols/L3/122_fortius_RLI14647_ospf_graceful_restart.pl,General,OSPF, -
EABU_REG/ACX_SERIES/FORTIUS/Protocols/L3/122_fortius_RLI14647_damping.pl,General,BGP, -
EABU_REG/ACX_SERIES/FORTIUS/Protocols/L3/122_fortius_RLI14647_isis_basic.pl,General,ISIS, -
EABU_REG/ACX_SERIES/FORTIUS/Protocols/L3/122_fortius_RLI14647_Ospf_lfa.pl,General,OSPF, -
EABU_REG/ACX_SERIES/FORTIUS/Protocols/L3/122_fortius_RLI14647_RSScaling.pl,General,L3, -
EABU_REG/ACX_SERIES/FORTIUS/Protocols/L3/122_fortius_RLI14647_bgp_accept_remote_nexthop.pl,General,BGP, -
EABU_REG/ACX_SERIES/FORTIUS/Infrastructure/Chassis/122_fortius_RLI14639_g_platform_tests.pl,General,Chassis, -
EABU_REG/ACX_SERIES/FORTIUS/Infrastructure/Chassis/122_fortius_RLI14639_f_platform_tests.pl,General,Chassis, -
EABU_REG/ACX_SERIES/FORTIUS/Infrastructure/Chassis/122_fortius_RLI14639_g_pf_basic.pl,General,Chassis, -
EABU_REG/ACX_SERIES/FORTIUS/Infrastructure/Chassis/122_fortius_RLI14639_f_pf_basic.pl,General,Chassis, -
EABU_REG/ACX_SERIES/FORTIUS/Infrastructure/COS/Rewrite/122_fortius_RLI14651_basic_clsrew.pl,General,classifier, -
EABU_REG/ACX_SERIES/FORTIUS/Infrastructure/COS/Scheduler/122_fortius_RLI14651_cos_scheduler.pl,General,COS, -
EABU_REG/ACX_SERIES/FORTIUS/Infrastructure/COS/Rewrite/122_fortius_RLI14651_ccc_clrw.pl,General,classifier, -
EABU_REG/ACX_SERIES/FORTIUS/Infrastructure/COS/Rewrite/122_fortius_RLI14651_mpls_clsrw.pl,General,classifier, -
EABU_REG/ACX_SERIES/FORTIUS/Infrastructure/COS/Scheduler/122_fortius_RLI14651_cos_8queue.pl,General,COS, -
EABU_REG/ACX_SERIES/FORTIUS/Infrastructure/COS/Rewrite/122_fortius_RLI14651_cos_cls_rew_smoketest.pl,General,rewrite + classifier, -
EABU_REG/ACX_SERIES/FORTIUS/Infrastructure/COS/Policer/122_fortius_RLI14653_inet_filter_policer.pl,General,Policer, -
EABU_REG/ACX_SERIES/FORTIUS/Infrastructure/COS/Policer/122_fortius_RLI14653_inet_input_ds_filter_match_conditions.pl,General,Policer, -
EABU_REG/ACX_SERIES/FORTIUS/Protocols/L3/122_fortius_RLI14654_bfd.pl,General,BFD, -
EABU_REG/ACX_SERIES/FORTIUS/Protocols/L3/122_fortius_RLI14654_mpls_bfd.pl,General,BFD, -
EABU_REG/ACX_SERIES/FORTIUS/Protocols/L3/122_fortius_RLI14654_l2vpn_vccv_bfd.pl,General,BFD, -
EABU_REG/ACX_SERIES/FORTIUS/Protocols/L3/122_fortius_RLI14654_l2ckt_vccv_bfd.pl,General,BFD, -
EABU_REG/ACX_SERIES/FORTIUS/Protocols/L3/122_fortius_RLI14654_bfd_pe_to_pe_with_ecmp.pl,General,BFD, -
EABU_REG/ACX_SERIES/FORTIUS/Protocols/L3/122_fortius_RLI14654_fortius_lspping_rsvp.pl,General,MPLS, -
EABU_REG/ACX_SERIES/FORTIUS/Protocols/L3/122_fortius_RLI14654_fortius_lspping_ldp.pl,General,MPLS, -
EABU_REG/ACX_SERIES/FORTIUS/Protocols/L3/122_fortius_RLI14647_rip_gracefulrestart.pl,General,RIP, -
EABU_REG/ACX_SERIES/FORTIUS/Protocols/L2VPN/122_fortius_RLI14648_eth_ccc_l2ckt_l2vpn_lp_frr.pl,General,FRR, -
EABU_REG/ACX_SERIES/FORTIUS/Protocols/L3/122_fortius_RLI14648_l2circuits_basic.pl,General,L2CKT, -
EABU_REG/ACX_SERIES/FORTIUS/Protocols/L3/122_fortius_RLI14648_l2circuits_basic_new.pl,General,L2CKT, -
EABU_REG/ACX_SERIES/FORTIUS/Protocols/L2VPN/122_fortius_RLI14648_l2ckt_l2vpn_control_frames.pl,General,L2CKT, -
EABU_REG/ACX_SERIES/FORTIUS/Protocols/L2VPN/122_fortius_RLI14648_l2ckt_l2vpn_lp_frr.pl,General,L2CKT, -
EABU_REG/ACX_SERIES/FORTIUS/Protocols/L2VPN/122_fortius_RLI14648_l2vpn_bgp_multihoming.pl,General,L2VPN, -
EABU_REG/ACX_SERIES/FORTIUS/Protocols/L2VPN/122_fortius_RLI14648_l2vpn_cword_ethernet.pl,General,L2VPN, -
EABU_REG/ACX_SERIES/FORTIUS/Interfaces/CHE1T1/122_fortius_RLI14646_fortiuse1.pl,General,E1, -
EABU_REG/ACX_SERIES/FORTIUS/Interfaces/CHE1T1/122_fortius_RLI14646_fortiust1.pl,General,T1, -
EABU_REG/ACX_SERIES/FORTIUS/Interfaces/CHE1T1/122_fortius_RLI14646_ima.pl,General,IMA, -
EABU_REG/ACX_SERIES/FORTIUS/Interfaces/CHE1T1/122_fortius_RLI14646_imae1.pl,General,IMA, -
EABU_REG/ACX_SERIES/FORTIUS/Protocols/L3/122_fortius_RLI14648_mpls_access.pl,General,MPLS, -
EABU_REG/ACX_SERIES/FORTIUS/Protocols/L3/122_fortius_RLI14648_mpls_access_ip_mpls.pl,General,MPLS, -
EABU_REG/ACX_SERIES/FORTIUS/Protocols/L3/122_fortius_RLI14648_mpls_access_ttl_mpls.pl,General,MPLS, -
EABU_REG/ACX_SERIES/FORTIUS/Protocols/L2VPN/122_fortius_RLI14648_l2vpn_cword_vlan.pl,General,L2VPN, -
EABU_REG/ACX_SERIES/FORTIUS/Infrastructure/COS/Classifier/122_fortius_RLI14651_ieee_cos.pl,General,COS, -
EABU_REG/ACX_SERIES/FORTIUS/Protocols/L3/122_fortius_RLI14648_mpls_frr_periodic_reopt.pl,General,MPLS, -
EABU_REG/ACX_SERIES/FORTIUS/Protocols/L3/122_fortius_RLI14648_mpls_scale_rsvp.pl,General,MPLS, -
EABU_REG/ACX_SERIES/FORTIUS/Protocols/L3/122_fortius_RLI14648_pwstitching_scal.pl,General,PW, -
EABU_REG/ACX_SERIES/FORTIUS/Infrastructure/COS/Policer/122_fortius_RLI14653_ccc_filter_policer.pl,General,Policer, -
EABU_REG/ACX_SERIES/FORTIUS/Infrastructure/COS/Policer/122_fortius_RLI14653_ccc_physical_default_filter_policer.pl,General,Policer, -
EABU_REG/ACX_SERIES/FORTIUS/Infrastructure/COS/Policer/122_fortius_RLI14653_family_inet_filter_fc_plp.pl,General,Policer, -
EABU_REG/ACX_SERIES/FORTIUS/Infrastructure/COS/Policer/122_fortius_RLI14653_srTCM_policer.pl,General,Policer, -
EABU_REG/ACX_SERIES/FORTIUS/Infrastructure/COS/Policer/122_fortius_RLI14653_trTCM_policer.pl,General,Policer, -
EABU_REG/ACX_SERIES/FORTIUS/Protocols/L2/122_fortius_RLI14648_static_1k_ethernet_pseudowire.pl,General,PW, -
EABU_REG/ACX_SERIES/FORTIUS/Protocols/L2/122_fortius_RLI14648_static_ethernet_pseudowire.pl,General,PW, -
EABU_REG/ACX_SERIES/FORTIUS/Interfaces/CHE1T1/122_14658_fortius_autod_mx.pl,General,autod, -
EABU_REG/ACX_SERIES/FORTIUS/Interfaces/CHE1T1/122_14658_fortius_autod.pl,General,autod, -
EABU_REG/ACX_SERIES/FORTIUS/Protocols/L3/122_fortius_RLI14648_l2ckt_pw_redundancy.pl,General,PW, -
EABU_REG/ACX_SERIES/FORTIUS/Interfaces/ATM/122_fortius_RLI14652_atm_e1mode_l2ckt_cell.pl,General,IMA, -
EABU_REG/ACX_SERIES/FORTIUS/Interfaces/SATOP/122_fortius_RLI14652_satop_l2vpn_e1mode.pl,General,satop, -
EABU_REG/ACX_SERIES/FORTIUS/Interfaces/SATOP/122_fortius_RLI14652_satop_l2vpn_e1mode_satop_options.pl,General,satop, -
EABU_REG/ACX_SERIES/FORTIUS/Interfaces/SATOP/122_fortius_RLI14652_satop_l2vpn_t1mode.pl,General,satop, -
EABU_REG/ACX_SERIES/FORTIUS/Interfaces/SATOP/122_fortius_RLI14652_satop_l2vpn_t1mode_satop_options.pl,General,satop, -
EABU_REG/ACX_SERIES/FORTIUS/Interfaces/SATOP/122_fortius_RLI14652_satop_t1e1ce_e1mode.pl,General,satop, -
EABU_REG/ACX_SERIES/FORTIUS/Interfaces/SATOP/122_fortius_RLI14652_satop_t1e1ce_e1mode_satop_options.pl,General,satop, -
EABU_REG/ACX_SERIES/FORTIUS/Interfaces/SATOP/122_fortius_RLI14652_satop_t1e1ce_e1mode_static.pl,General,satop, -
EABU_REG/ACX_SERIES/FORTIUS/Interfaces/SATOP/122_fortius_RLI14652_satop_t1e1ce_t1mode.pl,General,satop, -
EABU_REG/ACX_SERIES/FORTIUS/Interfaces/SATOP/122_fortius_RLI14652_satop_t1e1ce_t1mode_satop_options.pl,General,satop, -
EABU_REG/ACX_SERIES/FORTIUS/Interfaces/SATOP/122_fortius_RLI14652_satop_t1e1ce_t1mode_static.pl,General,satop, -
EABU_REG/ACX_SERIES/FORTIUS/Interfaces/SATOP/122_fortius_RLI14652_satop_t1e1ce_t1mode_static_satop_options.pl,General,satop, -
EABU_REG/ACX_SERIES/FORTIUS/Interfaces/TDM/122_fortius_RLI14652_tdm_l2ckt_e1.pl,General,TDM, -
EABU_REG/ACX_SERIES/FORTIUS/Interfaces/TDM/122_fortius_RLI14652_tdm_l2ckt_t1.pl,General,TDM, -
EABU_REG/ACX_SERIES/FORTIUS/Interfaces/TDM/122_fortius_RLI14652_tdm_l2vpn_e1.pl,General,TDM, -
EABU_REG/ACX_SERIES/FORTIUS/Interfaces/TDM/122_fortius_RLI14652_tdm_l2vpn_t1.pl,General,TDM, -
EABU_REG/ACX_SERIES/FORTIUS/Interfaces/CHE1T1/122_fortius_RLI14646_imascaling.pl,General,IMA, -
EABU_REG/ACX_SERIES/FORTIUS/Interfaces/SATOP/122_fortius_RLI14652_satop_t1e1ce_e1mode_static_satop_options.pl,General,satop, -
EABU_REG/ACX_SERIES/FORTIUS/Interfaces/CHE1T1/122_fortius_RLI14646_imatraffic.pl,General,IMA, -
EABU_REG/ACX_SERIES/FORTIUS/Interfaces/SATOP/122_fortius_RLI14652_satop_atm_ce_t1mode_e1mode.pl,General,satop, -
EABU_REG/ACX_SERIES/FORTIUS/Interfaces/ATM/122_fortius_RLI14652_l2vpn_atm_pw_cell.pl,General,IMA, -
EABU_REG/ACX_SERIES/FORTIUS/Interfaces/ATM/122_fortius_RLI14652_l2vpn_atm_pw_aal5.pl,General,IMA, -
EABU_REG/ACX_SERIES/FORTIUS/Interfaces/ATM/122_fortius_RLI14652_atm_pw_cell_static.pl,General,IMA, -
EABU_REG/ACX_SERIES/FORTIUS/Interfaces/ATM/122_fortius_RLI14652_atm_pw_cell.pl,General,IMA, -
EABU_REG/ACX_SERIES/FORTIUS/Interfaces/ATM/122_fortius_RLI14652_atm_pw_aal5_static.pl,General,IMA, -
EABU_REG/ACX_SERIES/FORTIUS/Interfaces/ATM/122_fortius_RLI14652_atm_pw_aal5_native_atm.pl,General,IMA, -
EABU_REG/ACX_SERIES/FORTIUS/Interfaces/ATM/122_fortius_RLI14652_atm_pw_aal5.pl,General,IMA, -
EABU_REG/ACX_SERIES/FORTIUS/Interfaces/TDM/122_fortius_RLI14652_tdm_l2vpn_t1_fortius-g.pl,General,TDM, -
EABU_REG/ACX_SERIES/FORTIUS/Interfaces/TDM/122_fortius_RLI14652_tdm_l2ckt_e1_fortius-g.pl,General,TDM, -
EABU_REG/ACX_SERIES/FORTIUS/Interfaces/TDM/122_fortius_RLI14652_tdm_l2ckt_t1_fortius-g.pl,General,TDM, -
EABU_REG/ACX_SERIES/FORTIUS/Interfaces/TDM/122_fortius_RLI14652_tdm_l2vpn_e1_fortius-g.pl,General,TDM, -
EABU_REG/ACX_SERIES/FORTIUS/Protocols/OAM/122_fortius_14650_lfm_action_profile_sanity.pl,General,LFM, -
EABU_REG/ACX_SERIES/FORTIUS/Protocols/OAM/122_fortius_14650_eoam_ccc.pl,General,EOAM, -
EABU_REG/ACX_SERIES/FORTIUS/Protocols/OAM/122_fortius_14650_eoam_802.1ag_scaling.pl,General,EOAM, -
EABU_REG/ACX_SERIES/FORTIUS/Protocols/OAM/122_fortius_14650_lfm_sanity.pl,General,LFM, -
EABU_REG/ACX_SERIES/FORTIUS/Protocols/OAM/122_fortius_14650_wrk_prt_vpws_m2mdualattach.pl,General,PW, -
EABU_REG/ACX_SERIES/FORTIUS/Protocols/OAM/122_fortius_14650_wrk_prt_vpws_m2mdualhomed.pl,General,PW, -
EABU_REG/ACX_SERIES/FORTIUS/Protocols/OAM/122_fortius_14650_eth_lm_dm_l2ckt.pl,General,EOAM, -
EABU_REG/ACX_SERIES/FORTIUS/Protocols/L2/122_fortius_RLI14644_hostpath.pl,General,hostpath, -
EABU_REG/ACX_SERIES/FORTIUS/Interfaces/GE/122_fortius_RLI14646_ge.pl,General,Interface, -
EABU_REG/ACX_SERIES/FORTIUS/Interfaces/CLOCKING/122_fortius_RLI16088_ptp_negative.pl,General,PTP, -
EABU_REG/ACX_SERIES/FORTIUS/Interfaces/CLOCKING/122_fortius_RLI16088_ptp_bmc.pl,General,PTP, -
EABU_REG/ACX_SERIES/FORTIUS/Interfaces/CLOCKING/122_fortius_RLI16088_ptp_functional.pl,General,PTP, -
EABU_REG/ACX_SERIES/FORTIUS/Interfaces/CLOCKING/122_fortius_RLI14655_synce_basic.pl,General,Synce, -
EABU_REG/ACX_SERIES/FORTIUS/Interfaces/CLOCKING/122_fortius_RLI14655_synce_negative.pl,General,Synce, -
EABU_REG/ACX_SERIES/FORTIUS/Interfaces/CLOCKING/122_fortius_RLI14655_synce_functional.pl,General,Synce, -
EABU_REG/ACX_SERIES/FORTIUS/Interfaces/CLOCKING/122_fortius_RLI14655_synce_config_validation.pl,General,Synce, -
EABU_REG/ACX_SERIES/FORTIUS/Protocols/OAM/122_fortius_14650_eoam_802.1ag_basic.pl,General,EOAM, -
EABU_REG/ACX_SERIES/FORTIUS/Protocols/OAM/122_fortius_14650_lfm_remote_lpbk.pl,General,LFM, -
EABU_REG/ACX_SERIES/FORTIUS/Protocols/OAM/122_fortius_14650_lfm_event_counters.pl,General,LFM, -
EABU_REG/ACX_SERIES/FORTIUS/Protocols/OAM/122_fortius_14650_y1731_iterator_vpws.pl,General,PW, -
EABU_REG/ACX_SERIES/FORTIUS/Protocols/OAM/122_fortius_14650_eth_dm_encap.pl,General,EOAM, -
EABU_REG/ACX_SERIES/FORTIUS/Infrastructure/COS/ATM/122_fortius_14651_ima_cos_e1.pl,General,IMA, -
EABU_REG/ACX_SERIES/FORTIUS/Protocols/L3/123_fortius_RLI16610_bgp_vrf_basic.pl,General,BGP, -
EABU_REG/ACX_SERIES/FORTIUS/Protocols/L3/123_fortius_RLI16610_l3vpn_2.pl,General,L3VPN, -
EABU_REG/ACX_SERIES/FORTIUS/Protocols/L3/123_fortius_RLI16610_l3vpn.pl,General,L3VPN, -
EABU_REG/ACX_SERIES/FORTIUS/Protocols/L3/123_fortius_RLI16610_mxfpc3_l3vpn_sanity.pl,General,L3VPN, -
EABU_REG/ACX_SERIES/FORTIUS/Infrastructure/FBF/123_Fortius_RLI_16610_FBF_Forwarding.pl,General,Filter, -
EABU_REG/ACX_SERIES/FORTIUS/Infrastructure/FBF/123_Fortius_RLI_16610_FBF_Virtual_router.pl,General,Filter, -
EABU_REG/ACX_SERIES/FORTIUS/Infrastructure/FBF/123_Fortius_RLI_16610_FBF_VRF.pl,General,Filter, -
EABU_REG/ACX_SERIES/FORTIUS/Infrastructure/FBF/123_Fortius_RLI_16610_FTF.pl,General,Policer, -
EABU_REG/ACX_SERIES/FORTIUS/Infrastructure/Firewall/123_Fortius_RLI14760_physical_default_filter_policer.pl,General,Policer, -
EABU_REG/ACX_SERIES/FORTIUS/Infrastructure/COS/Policer/123_Fortius_RLI14760_inet_filter_policer.pl,General,Policer, -
EABU_REG/ACX_SERIES/FORTIUS/Infrastructure/Firewall/123_Fortius_RLI14760_mpls_filter_policer.pl,General,Policer, -
EABU_REG/ACX_SERIES/FORTIUS/Infrastructure/COS/Policer/123_Fortius_RLI14760_ccc_filter_policer.pl,General,Policer, -
EABU_REG/ACX_SERIES/FORTIUS/Infrastructure/COS/Policer/123_Fortius_RLI14760_trTCM_policer.pl,General,Policer, -
EABU_REG/ACX_SERIES/FORTIUS/Infrastructure/Firewall/123_Fortius_RLI14760_inet_input_phy_filter_match_conditions.pl,General,Policer, -
EABU_REG/ACX_SERIES/FORTIUS/Infrastructure/Firewall/123_Fortius_RLI14760_inet_output_filter_match_conditions.pl,General,Policer, -
EABU_REG/ACX_SERIES/FORTIUS/Infrastructure/Firewall/123_Fortius_RLI14760_firewall_sanity.pl,General,Firewall, -
EABU_REG/ACX_SERIES/FORTIUS/Infrastructure/COS/Policer/123_Fortius_RLI14760_ccc_physical_default_filter_policer.pl,General,Policer, -
EABU_REG/ACX_SERIES/FORTIUS/Infrastructure/COS/Policer/123_Fortius_RLI14760_family_inet_filter_fc_plp.pl,General,Policer, -
EABU_REG/ACX_SERIES/FORTIUS/Infrastructure/COS/Policer/123_Fortius_RLI14760_inet_input_ds_filter_match_conditions.pl,General,Policer, -
EABU_REG/ACX_SERIES/FORTIUS/Infrastructure/COS/Policer/123_Fortius_RLI14760_srTCM_policer.pl,General,Policer, -
EABU_REG/ACX_SERIES/FORTIUS/Infrastructure/Firewall/123_Fortius_RLI14760_inet_input_int_filter_match_conditions.pl,General,Policer, -
EABU_REG/ACX_SERIES/FORTIUS/Protocols/L3/123_fortius_RLI14760_l2vpn_vccv_bfd.pl,General,BFD, -
EABU_REG/ACX_SERIES/FORTIUS/Protocols/L3/123_fortius_RLI14760_l2ckt_vccv_bfd.pl,General,BFD, -
EABU_REG/ACX_SERIES/FORTIUS/Protocols/L3/123_fortius_RLI14760_basic_bfd.pl,General,BFD, -
EABU_REG/ACX_SERIES/FORTIUS/Protocols/L3/123_fortius_RLI-16611_basic_6pe_test.pl,General,BGP, -
EABU_REG/ACX_SERIES/FORTIUS/Interfaces/CLOCKING/123_fortius_14760_ptp_negative.pl,General,PTP, -
EABU_REG/ACX_SERIES/FORTIUS/Interfaces/CLOCKING/123_fortius_14760_ptp_functional.pl,General,PTP, -
EABU_REG/ACX_SERIES/FORTIUS/Protocols/L3/123_Fortius_RLI_16608_IPv6_basic.pl,General,Ipv6, -
EABU_REG/ACX_SERIES/FORTIUS/Protocols/L3/123_Fortius_RLI_16608_OSPFv3_tag.pl,General,OSPF, -
EABU_REG/ACX_SERIES/FORTIUS/Protocols/L2VPN/123_fortius_RLI14760_l2vpn_cword_vlan.pl,General,L2VPN, -
EABU_REG/ACX_SERIES/FORTIUS/Protocols/L3/123_Fortius_RLI_16608_BFDv6_static_auth.pl,General,BFD, -
EABU_REG/ACX_SERIES/FORTIUS/Protocols/L2/123_fortius_RLI14760_static_1k_ethernet_pseudowire.pl,General,PW, -
EABU_REG/ACX_SERIES/FORTIUS/Protocols/L3/123_Fortius_RLI_16608_isisv6_overload.pl,General,ISIS, -
EABU_REG/ACX_SERIES/FORTIUS/Protocols/L2/123_fortius_RLI14760_static_ethernet_pseudowire.pl,General,PW, -
EABU_REG/ACX_SERIES/FORTIUS/Protocols/L3/123_fortius_RLI14760_pwstitching_scal_1.pl,General,PW, -
EABU_REG/ACX_SERIES/FORTIUS/Protocols/L3/123_fortius_RLI14760_pwstitching_scal_2.pl,General,PW, -
EABU_REG/ACX_SERIES/FORTIUS/Protocols/L3/123_fortius_RLI_14760_bgp_basic.pl,General,BGP, -
EABU_REG/ACX_SERIES/FORTIUS/Protocols/L3/123_fortius_RLI_14760_isis_basic.pl,General,ISIS, -
EABU_REG/ACX_SERIES/FORTIUS/Protocols/L3/123_Fortius_RLI_16608_OSPFv3_BFD_auth.pl,General,OSPF, -
EABU_REG/ACX_SERIES/FORTIUS/Protocols/L3/123_fortius_RLI_14760_ospf_basic.pl,General,OSPF, -
EABU_REG/ACX_SERIES/FORTIUS/Protocols/L3/123_Fortius_RLI_16608_isisv6_attached.pl,General,ISIS, -
EABU_REG/ACX_SERIES/FORTIUS/Protocols/L3/123_Fortius_RLI_16608_isisv6_timers.pl,General,ISIS, -
EABU_REG/ACX_SERIES/FORTIUS/Interfaces/SATOP/123_fortius_siena_RLI14758_satop_1xchoc12_l2circuit_e1mode.pl,General,Siena, -
EABU_REG/ACX_SERIES/FORTIUS/Protocols/L2/123_Fortius_RLI_16608_ipv6_icmpv6.pl,General,Ipv6, -
EABU_REG/ACX_SERIES/FORTIUS/Protocols/L2/123_Fortius_RLI_16608_IPv6_dual_stack.pl,General,Ipv6, -
EABU_REG/ACX_SERIES/FORTIUS/Protocols/L2/123_Fortius_RLI_16608_IPv6_transit.pl,General,Ipv6, -
EABU_REG/ACX_SERIES/FORTIUS/Interfaces/CLOCKING/123_fortius_14760_synce_config_validation.pl,General,Synce, -
EABU_REG/ACX_SERIES/FORTIUS/Interfaces/CESOPSN/123_fortius_RLI17029_cesopsn_n24t1.pl,General,cesop, -
EABU_REG/ACX_SERIES/FORTIUS/Interfaces/CESOPSN/123_fortius_RLI17029_cesopsn_n2t1.pl,General,cesop, -
EABU_REG/ACX_SERIES/FORTIUS/Interfaces/CESOPSN/123_fortius_RLI17029_cesopsn_n31e1.pl,General,cesop, -
EABU_REG/ACX_SERIES/FORTIUS/Interfaces/CESOPSN/123_fortius_RLI17029_cesopsn_n24t1_kompella.pl,General,cesop, -
EABU_REG/ACX_SERIES/FORTIUS/Protocols/OAM/123_fortius_14760_eoam_802.1ag_scaling.pl,General,EOAM, -
EABU_REG/ACX_SERIES/FORTIUS/Protocols/OAM/123_fortius_14760_eoam_ccc.pl,General,EOAM, -
EABU_REG/ACX_SERIES/FORTIUS/Protocols/OAM/123_fortius_14760_eth_dm_encap.pl,General,EOAM, -
EABU_REG/ACX_SERIES/FORTIUS/Protocols/OAM/123_fortius_14760_lfm_action_profile_sanity.pl,General,LFM, -
EABU_REG/ACX_SERIES/FORTIUS/Protocols/OAM/123_fortius_14760_lfm_event_counters.pl,General,LFM, -
EABU_REG/ACX_SERIES/FORTIUS/Interfaces/CLOCKING/123_fortius_16603_bc_config_validation.pl,General,PTP, -
EABU_REG/ACX_SERIES/FORTIUS/Interfaces/CLOCKING/123_fortius_16603_bc_functional.pl,General,PTP, -
EABU_REG/ACX_SERIES/FORTIUS/Protocols/L3/123_Fortius_RLI_16608_isisv6_passive_intf.pl,General,Ipv6, -
EABU_REG/ACX_SERIES/FORTIUS/Protocols/L3/123_FORTIUS_RLI16610_vpn_cos_rewrite.pl,General,COS, -
EABU_REG/ACX_SERIES/FORTIUS/Protocols/L3/123_FORTIUS_RLI16610_vpn_nonvpn_cos.pl,General,COS, -
EABU_REG/ACX_SERIES/FORTIUS/Protocols/L3/123_Fortius_RLI_16608_ipv6_routing_protocol_sanity.pl,General,Ipv6, -
EABU_REG/ACX_SERIES/FORTIUS/Protocols/L3/123_Fortius_RLI_16608_OSPFv3_inter_area.pl,General,OSPF, -
EABU_REG/ACX_SERIES/FORTIUS/Protocols/OAM/123_fortius_14760_lfm_sanity.pl,General,LFM, -
EABU_REG/ACX_SERIES/FORTIUS/Infrastructure/COS/Rewrite/123_fortius_RLI14760_ccc_clrw.pl,General,classifier, -
EABU_REG/ACX_SERIES/FORTIUS/Infrastructure/COS/Rewrite/123_fortius_RLI14760_mpls_clsrw.pl,General,classifier, -
EABU_REG/ACX_SERIES/FORTIUS/Protocols/L3/123_Fortius_RLI_16608_OSPFv3_BFD.pl,General,BFD, -
EABU_REG/ACX_SERIES/FORTIUS/Protocols/L3/123_Fortius_RLI_16608_OSPFv3_intra_area.pl,General,OSPF, -
EABU_REG/ACX_SERIES/FORTIUS/Infrastructure/COS/Classifier/123_fortius_RLI14760_ieee_cos.pl,General,COS, -
EABU_REG/ACX_SERIES/FORTIUS/Infrastructure/COS/Scheduler/123_fortius_RLI14760_cos_8queue.pl,General,COS, -
EABU_REG/ACX_SERIES/FORTIUS/Infrastructure/COS/Scheduler/123_fortius_RLI14760_cos_scheduler.pl,General,COS, -
EABU_REG/ACX_SERIES/FORTIUS/Interfaces/PTP/123_fortius_RLI14757_m_pf_basic.pl,General,chassis, -
EABU_REG/ACX_SERIES/FORTIUS/Protocols/L3/123_fortius_RLI14760_mpls_access_1.pl,General,MPLS, -
EABU_REG/ACX_SERIES/FORTIUS/Protocols/L3/123_fortius_RLI14760_mpls_access_2.pl,General,MPLS, -
EABU_REG/ACX_SERIES/FORTIUS/Protocols/L3/123_fortius_RLI14760_mpls_access_ip_mpls.pl,General,MPLS, -
EABU_REG/ACX_SERIES/FORTIUS/Protocols/L2VPN/123_fortius_RLI14760_eth_ccc_l2ckt_l2vpn_lp_frr.pl,General,FRR, -
EABU_REG/ACX_SERIES/FORTIUS/Protocols/L3/123_fortius_RLI14760_mpls_access_ttl_mpls.pl,General,MPLS, -
EABU_REG/ACX_SERIES/FORTIUS/Protocols/L3/123_fortius_RLI14760_mpls_frr_periodic_reopt.pl,General,MPLS, -
EABU_REG/ACX_SERIES/FORTIUS/Protocols/L3/123_fortius_RLI14760_mpls_basic.pl,General,MPLS, -
EABU_REG/ACX_SERIES/FORTIUS/Protocols/L3/123_fortius_RLI14760_mpls_scale_rsvp.pl,General,MPLS, -
EABU_REG/ACX_SERIES/FORTIUS/Protocols/L3/123_fortius_RLI14760_mpls_scaling_events.pl,General,MPLS, -
EABU_REG/ACX_SERIES/FORTIUS/Protocols/L2/123_fortius_RLI14760_ethernet_1k_pseudowire.pl,General,PW, -
EABU_REG/ACX_SERIES/FORTIUS/Protocols/L3/123_fortius_RLI14760_l2circuits_basic_new.pl,General,L2CKT, -
EABU_REG/ACX_SERIES/FORTIUS/Protocols/L3/123_fortius_RLI14760_l2circuits_basic.pl,General,L2CKT, -
EABU_REG/ACX_SERIES/FORTIUS/Protocols/L3/123_fortius_RLI14760_l2ckt_l2vpn_control_frames_1.pl,General,L2CKT, -
EABU_REG/ACX_SERIES/FORTIUS/Protocols/L3/123_fortius_RLI14760_l2ckt_l2vpn_control_frames_2.pl,General,L2CKT, -
EABU_REG/ACX_SERIES/FORTIUS/Protocols/L3/123_fortius_RLI14760_l2ckt_l2vpn_native_vlan_id.pl,General,L2CKT, -
EABU_REG/ACX_SERIES/FORTIUS/Protocols/L3/123_fortius_RLI14760_l2ckt_l2vpn_lp_frr.pl,General,L2CKT, -
EABU_REG/ACX_SERIES/FORTIUS/Protocols/L2VPN/123_fortius_RLI14760_l2ckt_l2vpn_normalization.pl,General,L2CKT, -
EABU_REG/ACX_SERIES/FORTIUS/Protocols/L2VPN/123_fortius_RLI14760_l2vpn_bgp_multihoming.pl,General,L2VPN, -
EABU_REG/ACX_SERIES/FORTIUS/Protocols/L2VPN/123_fortius_RLI14760_l2vpn_cword_ethernet.pl,General,L2VPN, -
EABU_REG/ACX_SERIES/FORTIUS/Interfaces/PTP/123_fortius_14760_synce_negative.pl,General,Synce, -
EABU_REG/ACX_SERIES/FORTIUS/Protocols/OAM/123_fortius_14760_eth_lm_dm_l2ckt.pl,General,EOAM, -
EABU_REG/ACX_SERIES/FORTIUS/Protocols/OAM/123_fortius_14760_lfm_remote_lpbk.pl,General,LFM, -
EABU_REG/ACX_SERIES/FORTIUS/Protocols/OAM/123_fortius_14760_y1731_iterator_vpws.pl,General,PW, -
EABU_REG/ACX_SERIES/FORTIUS/Protocols/OAM/123_fortius_14760_eoam_negative_tests.pl,General,EOAM, -
EABU_REG/ACX_SERIES/FORTIUS/Interfaces/CLOCKING/123_fortius_14760_ptp_micoffline.pl,General,PTP, -
EABU_REG/ACX_SERIES/FORTIUS/Interfaces/CLOCKING/123_fortius_14760_ptp_bmc.pl,General,PTP, -
EABU_REG/ACX_SERIES/FORTIUS/Interfaces/CLOCKING/123_fortius_16603_bc_micoffline.pl,General,PTP, -
EABU_REG/ACX_SERIES/FORTIUS/Interfaces/CLOCKING/123_fortius_16603_bc_negative.pl,General,PTP, -
EABU_REG/ACX_SERIES/FORTIUS/Interfaces/CLOCKING/123_fortius_16603_bc_mutiple_masters.pl,General,PTP, -
EABU_REG/ACX_SERIES/FORTIUS/Protocols/L3/123_fortius_RLI14760_mpls_te_ldpigp_stitch.pl,General,MPLS, -
EABU_REG/ACX_SERIES/FORTIUS/Interfaces/CESOPSN/122_fortius_RLI18426_cesopsn_n1t1.pl,General,cesop, -
EABU_REG/ACX_SERIES/FORTIUS/Interfaces/CESOPSN/122_fortius_RLI18426_cesopsn_n24t1.pl,General,cesop, -
EABU_REG/ACX_SERIES/FORTIUS/Interfaces/CESOPSN/122_fortius_RLI18426_cesopsn_n2t1.pl,General,cesop, -
EABU_REG/ACX_SERIES/FORTIUS/Interfaces/CESOPSN/122_fortius_RLI18426_cesopsn_n31e1.pl,General,cesop, -
EABU_REG/ACX_SERIES/FORTIUS/Interfaces/CESOPSN/122_fortius_RLI18426_cesopsn_n1t1_kompella.pl,General,cesop, -
EABU_REG/ACX_SERIES/FORTIUS/Interfaces/CESOPSN/122_fortius_RLI18426_cesopsn_n24t1_kompella.pl,General,cesop, -
EABU_REG/ACX_SERIES/FORTIUS/Interfaces/CESOPSN/122_fortius_RLI18426_cesopsn_n2t1_kompella.pl,General,cesop, -
EABU_REG/ACX_SERIES/FORTIUS/Interfaces/CESOPSN/122_fortius_RLI18426_cesopsn_n31e1_kompella.pl,General,cesop, -
EABU_REG/ACX_SERIES/FORTIUS/Protocols/L3/122_fortius_RLI18425_l3vpn.pl,General,L3VPN, -
EABU_REG/ACX_SERIES/FORTIUS/Protocols/L3/122_fortius_RLI18425_bgp_vrf_basic.pl,General,BGP, -
EABU_REG/ACX_SERIES/FORTIUS/Protocols/L3/122_fortius_RLI18425_l3vpn_2.pl,General,L3VPN, -
EABU_REG/ACX_SERIES/FORTIUS/Protocols/L3/122_fortius_RLI18425_mxfpc3_l3vpn_sanity.pl,General,L3VPN, -
EABU_REG/ACX_SERIES/FORTIUS/Protocols/L3/122_fortius_RLI18425_l3vpn_3.pl,General,L3VPN, -
EABU_REG/ACX_SERIES/FORTIUS/Infrastructure/COS/ATM/122_acx_14651_ima_cos.pl,General,IMA, -
EABU_REG/ACX_SERIES/FORTIUS/Interfaces/CLOCKING/123_fortius_14760_synce_basic.pl,General,Synce, -
EABU_REG/ACX_SERIES/FORTIUS/Interfaces/CLOCKING/123_fortius_14760_synce_functional.pl,General,Synce, -
EABU_REG/ACX_SERIES/FORTIUS/Infrastructure/Chassis/122_fortius_RLI18751_gplus_platform_tests.pl,General,chassis, -
EABU_REG/ACX_SERIES/FORTIUS/Infrastructure/Chassis/122_fortius_RLI18751_gplus_pf_basic.pl,General,chassis, -
EABU_REG/ACX_SERIES/FORTIUS/Infrastructure/Chassis/122_fortius_RLI18751_gminus_platform_tests.pl,General,chassis, -
EABU_REG/ACX_SERIES/FORTIUS/Infrastructure/Chassis/122_fortius_RLI18751_gminus_pf_basic.pl,General,chassis, -
EABU_REG/ACX_SERIES/FORTIUS/Infrastructure/Chassis/122_fortius_RLI18751_fminus_platform_tests.pl,General,chassis, -
EABU_REG/ACX_SERIES/FORTIUS/Infrastructure/Chassis/122_fortius_RLI18751_fminus_pf_basic.pl,General,chassis, -
EABU_REG/ACX_SERIES/FORTIUS/Interfaces/AE/132_fortius_RLI18456_aestatic.pl,General,L2, -
EABU_REG/ACX_SERIES/FORTIUS/Protocols/L2/132_fortius_RLI16145_mstp1.pl,General,L2, -
EABU_REG/ACX_SERIES/FORTIUS/Protocols/L2/132_fortius_RLI16145_mstp2.pl,General,L2, -
EABU_REG/ACX_SERIES/FORTIUS/Protocols/L2/132_fortius_RLI16145_rstp.pl,General,L2, -
EABU_REG/ACX_SERIES/FORTIUS/Protocols/L2/132_fortius_RLI16145_rstp1.pl,General,L2, -
EABU_REG/ACX_SERIES/FORTIUS/Interfaces/BRAN/122r3_BRAN_RLI18751_ge_basic.pl,General,Interface, -
EABU_REG/ACX_SERIES/FORTIUS/Interfaces/BRAN/122r3_BRAN_RLI18751_ge2_basic.pl,General,Interface, -
EABU_REG/ACX_SERIES/FORTIUS/Interfaces/BRAN/122r3_BRAN_RLI18751_ge_G_basic.pl,General,Interface, -
EABU_REG/ACX_SERIES/FORTIUS/Interfaces/BRAN/122r3_BRAN_RLI18751_ge2_G_basic.pl,General,Interface, -
EABU_REG/ACX_SERIES/FORTIUS/Interfaces/BRAN/122r3_BRAN_RLI18751_gige_autonegospeed_2.pl,General,Interface, -
EABU_REG/AMX_SERIES/Interfaces/CLOCKING/132_altius_18065_bc_acx.pl,General,PTP, -
EABU_REG/ACX_SERIES/FORTIUS/Interfaces/BRAN/122r3_BRAN_RLI18751_ge_F_basic.pl,General,Interface, -
EABU_REG/ACX_SERIES/FORTIUS/Interfaces/BRAN/122r3_BRAN_RLI18751_ge2_F_basic.pl,General,Interface, -
EABU_REG/ACX_SERIES/FORTIUS/Interfaces/BRAN/122r3_BRAN_RLI18751_gige_autonegospeed.pl,General,Interface, -
EABU_REG/ACX_SERIES/FORTIUS/Protocols/L2/132r1_fortius_RLI16148_bridge_fw_fc_plp.pl,General,Policer, -
EABU_REG/ACX_SERIES/FORTIUS/Protocols/L2/132r1_fortius_RLI16148_bridge_fw.pl,General,Firewall, -
EABU_REG/ACX_SERIES/FORTIUS/Interfaces/BRAN/122r3_BRAN_RLI18751_gige_autonegospeed_F.pl,General,Interface, -
EABU_REG/ACX_SERIES/FORTIUS/Interfaces/BRAN/122r3_BRAN_RLI18751_gige_autonegospeed_2_F.pl,General,Interface, -
EABU_REG/ACX_SERIES/FORTIUS/Infrastructure/Firewall/132r1_fortius_RLI16148_storm_control.pl,General,Policer, -
EABU_REG/ACX_SERIES/FORTIUS/Interfaces/AE/132r1_fortius_RLI18456_cls_rw.pl,General,classifier, -
EABU_REG/ACX_SERIES/FORTIUS/Protocols/L2/132_fortius_RLI16144_mac_learning.pl,General,L2, -
EABU_REG/ACX_SERIES/FORTIUS/Interfaces/AE/132_fortius_RLI18456_scaling.pl,General,L2, -
EABU_REG/SCALING/FORTIUS/122_acx2k_RLI14642_ARP_Scale.pl,General,L2, -
EABU_REG/ACX_SERIES/FORTIUS/Interfaces/EOAM/LFM/132_fortius_RLI18507-Verify_Dying_gasp_on_hub.pl,General,Dying Gasp, -
EABU_REG/ACX_SERIES/FORTIUS/Interfaces/EOAM/LFM/132_fortius_RLI18507-Verify_Dying_gasp_on_panic.pl,General,Dying Gasp, -
EABU_REG/ACX_SERIES/FORTIUS/Interfaces/EOAM/LFM/132_fortius_RLI18507-Verify_Dying_gasp_on_switch.pl,General,Dying Gasp, -
EABU_REG/ACX_SERIES/FORTIUS/Interfaces/EOAM/LFM/132_fortius_RLI18507-Verify_dying_gasp_on_AE.pl,General,Dying Gasp, -
EABU_REG/ACX_SERIES/FORTIUS/Interfaces/EOAM/LFM/132_fortius_RLI18507_Dying_gasp_from_traffic_generator.pl,General,Dying Gasp, -
EABU_REG/ACX_SERIES/FORTIUS/Interfaces/EOAM/LFM/132_fortius_RLI18507_Verify_Dying_gasp_on_power_failure.pl,General,Dying Gasp, -
EABU_REG/ACX_SERIES/FORTIUS/Protocols/L2/132_fortius_RLI18456_l2vpn.pl,General,L2VPN, -
EABU_REG/ACX_SERIES/FORTIUS/Protocols/L2/132_fortius_RLI18456_l2ckt.pl,General,L2CKT, -
EABU_REG/ACX_SERIES/FORTIUS/Protocols/L2/132_fortius_RLI18456_l2cktvw.pl,General,L2CKT, -
EABU_REG/ACX_SERIES/FORTIUS/Protocols/L2/132_fortius_RLI18456_aememswap.pl,General,L2, -
EABU_REG/ACX_SERIES/FORTIUS/Interfaces/GE/123_S1_fortius_RLI19613_VRF.pl,General,L3VPN, -
EABU_REG/ACX_SERIES/FORTIUS/Interfaces/GE/123_S1_fortius_RLI19613_RPM.pl,General,RPM, -
EABU_REG/ACX_SERIES/FORTIUS/Protocols/L2/132_fortius_RLI16145_default_vstp1.pl,General,L2, -
EABU_REG/ACX_SERIES/FORTIUS/Protocols/L2/132_fortius_RLI16145_default_vstp2.pl,General,L2, -
EABU_REG/ACX_SERIES/FORTIUS/Protocols/L2/132_acx_RLI16145_l2pt.pl,General,L2PT, -
EABU_REG/ACX_SERIES/FORTIUS/Interfaces/SATOP/123_fortius_siena_RLI14758_satop_4xchoc3_l2circuit_e1mode.pl,General,Siena, -
EABU_REG/ACX_SERIES/FORTIUS/Interfaces/GE/123_fortius_RLI14759_ge.pl,General,Interface, -
EABU_REG/ACX_SERIES/FORTIUS/Protocols/L2/123_Fortius_RLI_16608_icmpv6_redirect.pl,General,Ipv6, -
EABU_REG/ACX_SERIES/FORTIUS/Interfaces/GE/123_fortius_RLI14760_ge.pl,General,Interface, -
EABU_REG/ACX_SERIES/FORTIUS/Protocols/L3/123_Fortius_RLI_16608_OSPFv3_overload.pl,General,OSPF, -
EABU_REG/ACX_SERIES/FORTIUS/Protocols/6PE/123_fortius_RLI-16611_singlehop_6pe_traffic.pl,General,BGP, -
EABU_REG/ACX_SERIES/FORTIUS/Protocols/L3/123_FORTIUS_RLI16610_vpn_cos_vrf_classification.pl,General,COS, -
EABU_REG/ACX_SERIES/FORTIUS/Protocols/L2/132_fortius_LLDP_tst.pl,General,LLDP, -
EABU_REG/ACX_SERIES/FORTIUS/Protocols/L3/123_FORTIUS_RLI16610_vpn_cos_scaling.pl,General,COS, -
EABU_REG/ACX_SERIES/FORTIUS/Protocols/L3/123_fortius_RLI14760_l2ckt_pw_redundancy.pl,General,PW, -
EABU_REG/ACX_SERIES/FORTIUS/Protocols/L2VPN/123_fortius_RLI14760_l2ckt_l2vpn_evc_map.pl,General,L2VPN, -
EABU_REG/ACX_SERIES/FORTIUS/Interfaces/AE/132_fortius_RLI18456_pwlb.pl,General,PW, -
EABU_REG/ACX_SERIES/FORTIUS/Protocols/L3/123_FORTIUS_RLI16610_vpn_cos_basic.pl,General,COS, -
EABU_REG/ACX_SERIES/FORTIUS/Protocols/6PE/123_fortius_RLI-16611_multihop_6pe_traffic.pl,General,BGP, -
EABU_REG/ACX_SERIES/FORTIUS/Interfaces/SATOP/123_fortius_siena_RLI14758_satop_4xchoc3_l2vpn_t1mode.pl,General,Siena, -
EABU_REG/ACX_SERIES/FORTIUS/Interfaces/SATOP/123_fortius_siena_RLI14758_satop_4xchoc3_l2circuit_t1mode.pl,General,Siena, -
EABU_REG/ACX_SERIES/FORTIUS/Protocols/L3/123_FORTIUS_RLI16610_vpn_cos_scheduler.pl,General,COS, -
EABU_REG/ACX_SERIES/FORTIUS/Interfaces/CESOPSN/123_fortius_RLI17029_cesopsn_n1t1_kompella.pl,General,cesop, -
EABU_REG/ACX_SERIES/FORTIUS/Protocols/OAM/123_fortius_14760_wrk_prt_vpws_m2mdualhomed.pl,General,PW, -
EABU_REG/ACX_SERIES/FORTIUS/Protocols/OAM/122_fortius_14650_eoam_negative_tests.pl,General,EOAM, -
EABU_REG/ACX_SERIES/FORTIUS/Interfaces/SATOP/123_fortius_siena_RLI14758_satop_1xchoc12_static_t1mode.pl,General,Siena, -
EABU_REG/ACX_SERIES/FORTIUS/Interfaces/CESOPSN/123_fortius_RLI17029_cesopsn_n2t1_kompella.pl,General,cesop, -
EABU_REG/ACX_SERIES/FORTIUS/Interfaces/SIENA/123_acx_siena_oc3_RLI14758_interface.pl,General,Siena, -
EABU_REG/ACX_SERIES/FORTIUS/Interfaces/SIENA/123_acx_siena_oc12_RLI14758_interface.pl,General,Siena, -
EABU_REG/ACX_SERIES/FORTIUS/Interfaces/AE/132r1_fortius_RLI18456_ieee_cls_rw.pl,General,classifier, -
EABU_REG/ACX_SERIES/FORTIUS/Protocols/L3/123_Fortius_RLI_16608_OSPFv3_instance.pl,General,OSPF, -
EABU_REG/ACX_SERIES/FORTIUS/Protocols/L3/123_FORTIUS_RLI16610_vpn_l2_l3_cos.pl,General,COS, -
EABU_REG/ACX_SERIES/FORTIUS/Interfaces/PTP/123_fortius_RLI14757_m_platform_tests.pl,General,chassis, -
EABU_REG/ACX_SERIES/FORTIUS/Interfaces/SIENA/123_acx_siena_stm1_RLI14758_interface.pl,General,Siena, -
EABU_REG/ACX_SERIES/FORTIUS/Infrastructure/COS/MIC/123_fortius_RLI14760_cos_mic.pl,General,COS, -
EABU_REG/ACX_SERIES/FORTIUS/Protocols/L2/123_Fortius_RLI_16608_ipv6_nd.pl,General,Ipv6, -
EABU_REG/ACX_SERIES/FORTIUS/Protocols/L3/123_fortius_RLI14760_mpls_access_xe.pl,General,MPLS, -
EABU_REG/ACX_SERIES/FORTIUS/Interfaces/CLOCKING/123_fortius_16603_bc_basic.pl,General,PTP, -
EABU_REG/ACX_SERIES/FORTIUS/Interfaces/SIENA/123_acx_siena_stm4_RLI14758_interface.pl,General,Siena, -
EABU_REG/ACX_SERIES/FORTIUS/Interfaces/SATOP/123_fortius_siena_14758_satop_1xchoc12_misc_t1mode.pl,General,Siena, -
EABU_REG/ACX_SERIES/FORTIUS/Interfaces/AE/132_fortius_RLI18456_pwlb2.pl,General,PW, -
EABU_REG/ACX_SERIES/FORTIUS/Protocols/L2/132_fortius_RLI16144_encap_ethernet_bridge.pl,General,L2, -
EABU_REG/ACX_SERIES/FORTIUS/Infrastructure/COS/Rewrite/123_fortius_RLI14760_basic_clsrew.pl,General,classifier, -
EABU_REG/ACX_SERIES/FORTIUS/Interfaces/CESOPSN/123_fortius_RLI17029_cesopsn_n31e1_kompella.pl,General,cesop, -
EABU_REG/ACX_SERIES/FORTIUS/Protocols/OAM/123_fortius_14760_eoam_802.1ag_basic.pl,General,EOAM, -
EABU_REG/ACX_SERIES/FORTIUS/Protocols/L2/132_fortius_RLI16144_qinq_vlan_bridge.pl,General,L2, -
EABU_REG/ACX_SERIES/FORTIUS/Protocols/L2/132_fortius_RLI16144_qinq_ethernet_bridge.pl,General,L2, -
EABU_REG/ACX_SERIES/FORTIUS/Interfaces/AE/132_fortius_RLI18456_int.pl,General,L2, -
EABU_REG/ACX_SERIES/FORTIUS/Interfaces/AE/132_fortius_RLI18456_pwpro.pl,General,PW, -
EABU_REG/ACX_SERIES/FORTIUS/Interfaces/AE/132_fortius_RLI18456_aeoam.pl,General,EOAM, -
EABU_REG/ACX_SERIES/FORTIUS/Protocols/L3/123_fortius_RLI14760_mpls_bfd.pl,General,BFD, -
EABU_REG/ACX_SERIES/FORTIUS/Interfaces/CESOPSN/123_fortius_RLI17029_cesop_enhanched_5router.pl,General,cesop, -