19460, /system-test/testscripts/HSBU/Infrastructure/COS/Absolut/ipprec_exp_inet.pl 
21729, /system-test/testscripts/HSBU/Protocols/Scaling/Absolut/stc_bgpv4_mesh 
28076, /system-test/testscripts/HSBU/Interfaces/Heavenly/Heavenly_CoS_Schedulers.pl 
31786, /system-test/testscripts/HSBU/64bits/Infrastructure/COS/cos_scheduler.pl 
31826, /system-test/testscripts/HSBU/64bits/Infrastructure/COS/cos_8queue_tseries.pl 
31832, /system-test/testscripts/HSBU/64bits/Interfaces/APS/container_aps_basic.pl 
31834, /system-test/testscripts/HSBU/64bits/Interfaces/Sauza/eoam_802.1ag_basic_sauza.pl 
31835, /system-test/testscripts/HSBU/64bits/Interfaces/Sauza/eoam_sanity_sauza.pl 
31836, /system-test/testscripts/HSBU/64bits/Protocols/Sanity/bfd_sanity.pl 
31909, /system-test/testscripts/HSBU/64bits/Protocols/Sanity/ospf_sanity.pl 
31910, /system-test/testscripts/HSBU/64bits/Protocols/Sanity/vrrp_sanity.pl 
31912, /system-test/testscripts/HSBU/64bits/Protocols/OSPF/ospf_graceful_restart.pl 
31916, /system-test/testscripts/HSBU/64bits/Infrastructure/COS/cos_8_queue_dscp_rewrite.pl 
31919, /system-test/testscripts/HSBU/64bits/Interfaces/Sauza/arp_aging_timer_sauza.pl 
31921, /system-test/testscripts/HSBU/64bits/Protocols/IPV6/v6_as_filter.pl 
31946, /system-test/testscripts/HSBU/64bits/Protocols/BGP/bgp_basic.pl 
31947, /system-test/testscripts/HSBU/64bits/Protocols/BGP/bgp_crash_chk.pl 
31948, /system-test/testscripts/HSBU/64bits/Protocols/BGP/bgp_negative_cli.pl 
31949, /system-test/testscripts/HSBU/64bits/Protocols/BGP/bgp_pmtu_discovery.pl 
31950, /system-test/testscripts/HSBU/64bits/Protocols/BGP/bgp.policy.metric.pl 
31951, /system-test/testscripts/HSBU/64bits/Protocols/BGP/damp_disable.pl 
31952, /system-test/testscripts/HSBU/64bits/Protocols/BGP/med-negative.pl 
36290, /system-test/testscripts/HSBU/64bits/Protocols/BGP/bgp.label.agg.pl 
36291, /system-test/testscripts/HSBU/64bits/Protocols/BGP/ebgpll.pl 
36301, /system-test/testscripts/HSBU/64bits/Protocols/BGP/ripng-isis-bgp.pl 
36302, /system-test/testscripts/HSBU/64bits/Interfaces/APS/aps_2routers_atm2.pl 
36307, /system-test/testscripts/HSBU/64bits/Protocols/IPV6/v6_ibgp_ripng.pl 
36308, /system-test/testscripts/HSBU/64bits/Infrastructure/COS/DIFFSERV/exp-ieee.pl 
36309, /system-test/testscripts/HSBU/64bits/Infrastructure/COS/DIFFSERV/exp_classifier_exp_null_sauza.pl 
36310, /system-test/testscripts/HSBU/64bits/Infrastructure/COS/DIFFSERV/ipprec_exp_inet.pl 
36311, /system-test/testscripts/HSBU/64bits/Protocols/MPLS/ldp_convergence 
36312, /system-test/testscripts/HSBU/64bits/Protocols/MPLS/ms_app_ibgp_ebgp_jtree_multisegment.pl 
36313, /system-test/testscripts/HSBU/64bits/Infrastructure/COS/IQ2/iq2_pir_cir.pl 
36314, /system-test/testscripts/HSBU/64bits/Protocols/ISIS/isis_lsp_advl12.pl 
36315, /system-test/testscripts/HSBU/64bits/Protocols/ISIS/isis_prefix_export_limit.pl 
36316, /system-test/testscripts/HSBU/64bits/Infrastructure/COS/POLICER/Aggregate_policer.pl 
36317, /system-test/testscripts/HSBU/64bits/Protocols/ISIS/isis_spfdelay 
36318, /system-test/testscripts/HSBU/64bits/Protocols/ISIS/isis_tag_multi_inst 
36319, /system-test/testscripts/HSBU/64bits/Infrastructure/COS/POLICER/BW_Sharing_policer_ae.pl 
36320, /system-test/testscripts/HSBU/64bits/Infrastructure/COS/POLICER/hierarchical_policer_ipv4.pl 
36322, /system-test/testscripts/HSBU/64bits/Protocols/OSPF/deadv3.pl 
36323, /system-test/testscripts/HSBU/64bits/Protocols/OSPF/hellov3.pl 
36324, /system-test/testscripts/HSBU/64bits/Infrastructure/COS/trtcm_atlas_rt.pl 
36325, /system-test/testscripts/HSBU/64bits/Protocols/OSPF/lsa_extensive.pl 
36327, /system-test/testscripts/HSBU/64bits/Protocols/OSPF/ospfv3_mib_rli3760_gres.pl 
36328, /system-test/testscripts/HSBU/64bits/Infrastructure/AGAVE/agave_4xcoc12_t3_red.pl 
36329, /system-test/testscripts/HSBU/64bits/Infrastructure/AGAVE/agave_coc12_BA_classification_rt_t.pl 
36330, /system-test/testscripts/HSBU/64bits/Protocols/RSVP/ldp-rsvp.pl 
36331, /system-test/testscripts/HSBU/64bits/Infrastructure/AGAVE/agave_coc12_ingress_rewrite_rt_t.pl 
36332, /system-test/testscripts/HSBU/64bits/Protocols/RSVP/ldp_rsvp_tunnel_ext.pl 
36333, /system-test/testscripts/HSBU/64bits/Infrastructure/AGAVE/agave_egress_fcq.pl 
36334, /system-test/testscripts/HSBU/64bits/Protocols/RSVP/rsvp_mtu.pl 
36335, /system-test/testscripts/HSBU/64bits/Protocols/RSVP/rsvp_nbr_flow.pl 
36336, /system-test/testscripts/HSBU/64bits/Infrastructure/FIREWALL_FILTER/2lvl_filter_sauza.pl 
36338, /system-test/testscripts/HSBU/64bits/Infrastructure/FIREWALL_FILTER/cbf_v4.pl 
36339, /system-test/testscripts/HSBU/64bits/Infrastructure/FIREWALL_FILTER/chained_firewall_filters.pl 
36340, /system-test/testscripts/HSBU/64bits/Infrastructure/FIREWALL_FILTER/fbf_basic.pl 
36341, /system-test/testscripts/HSBU/64bits/Infrastructure/FIREWALL_FILTER/firewall_re.pl 
36342, /system-test/testscripts/HSBU/64bits/Infrastructure/FIREWALL_FILTER/ifgrp.pl 
36343, /system-test/testscripts/HSBU/64bits/Infrastructure/FIREWALL_FILTER/show_fil.pl 
36344, /system-test/testscripts/HSBU/64bits/Protocols/Multicast/mcast_protocols.pl 
36345, /system-test/testscripts/HSBU/64bits/Protocols/SNMP/sib_alarm.pl 
36346, /system-test/testscripts/HSBU/64bits/Infrastructure/FIREWALL_FILTER/v6_firewall.pl 
36347, /system-test/testscripts/HSBU/64bits/Protocols/SNMP/snmp_sanity.pl 
36349, /system-test/testscripts/HSBU/64bits/Infrastructure/MPLS/mpls_filter.pl 
36350, /system-test/testscripts/HSBU/64bits/Infrastructure/MPLS/mpls_vlanccc_cos_sauza.pl 
36351, /system-test/testscripts/HSBU/64bits/Protocols/SNMP/snmpd_rli2947_1_fe.pl 
36352, /system-test/testscripts/HSBU/64bits/Infrastructure/SNMP/vpn_dcu.pl 
36353, /system-test/testscripts/HSBU/64bits/Infrastructure/SNMP/vpn_dcu_egress.pl 
36354, /system-test/testscripts/HSBU/64bits/Infrastructure/SNMP/vpn_scu.pl 
36355, /system-test/testscripts/HSBU/64bits/Infrastructure/SNMP/vpn_scu_egress.pl 
36385, /system-test/testscripts/HSBU/64bits/Interfaces/AGAVE/AGAVE_coc12_qcstm4_bert_t.pl 
36386, /system-test/testscripts/HSBU/64bits/Interfaces/AGAVE/AGAVE_coc12_sdh_ccc.pl 
36387, /system-test/testscripts/HSBU/64bits/Interfaces/AGAVE/AGAVE_coc12_sdh_tcc.pl 
36388, /system-test/testscripts/HSBU/64bits/Interfaces/AGAVE/AGAVE_coc12_so_basic_t.pl 
36389, /system-test/testscripts/HSBU/64bits/Interfaces/AGAVE/AGAVE_coc12_sonet_ccc.pl 
36390, /system-test/testscripts/HSBU/64bits/Interfaces/AGAVE/AGAVE_coc12_sonet_ds_bert_t.pl 
36391, /system-test/testscripts/HSBU/64bits/Interfaces/AGAVE/AGAVE_coc12_sonet_fr_ccc.pl 
36392, /system-test/testscripts/HSBU/64bits/Interfaces/AGAVE/AGAVE_coc12_t3_basic_t.pl 
36396, /system-test/testscripts/HSBU/64bits/Interfaces/AGAVE/AGAVE_coc12_tcc.pl 
36407, /system-test/testscripts/HSBU/64bits/Interfaces/AGG/aggeth_4links.pl 
36408, /system-test/testscripts/HSBU/64bits/Interfaces/AGG/aggrether-google-gres.pl 
36409, /system-test/testscripts/HSBU/64bits/Interfaces/AGG/aggrsonet-google-gres.pl 
36410, /system-test/testscripts/HSBU/64bits/Interfaces/AGG/aggson_4links.pl 
36411, /system-test/testscripts/HSBU/64bits/Interfaces/AGG/ccc_agg_ge.pl 
36412, /system-test/testscripts/HSBU/64bits/Interfaces/ATM/atm2.pl 
36413, /system-test/testscripts/HSBU/64bits/Interfaces/ATM/atm2_stat.pl 
36417, /system-test/testscripts/HSBU/64bits/Interfaces/PDS3/pds3.pl 
36418, /system-test/testscripts/HSBU/64bits/Interfaces/PDS3/pds3_scal.pl 
36419, /system-test/testscripts/HSBU/64bits/Interfaces/QCT3/t3_encaps.pl 
36420, /system-test/testscripts/HSBU/64bits/Interfaces/QCT3/t3_fr_encaps.pl 
36423, /system-test/testscripts/HSBU/64bits/Infrastructure/SNMP/chassis_chassisd.pl 
36424, /system-test/testscripts/HSBU/64bits/Interfaces/SONET/sonet_2routers.pl 
36425, /system-test/testscripts/HSBU/64bits/Interfaces/SONET/sonet_clocking.pl 
36426, /system-test/testscripts/HSBU/64bits/Infrastructure/SNMP/chassis_fpc.pl 
36427, /system-test/testscripts/HSBU/64bits/Protocols/Sanity/aggregate_l3sanity.pl 
36428, /system-test/testscripts/HSBU/64bits/Protocols/MPLS/ms_app_network_events.pl 
36429, /system-test/testscripts/HSBU/64bits/Interfaces/Sauza/ether_stats.pl 
36431, /system-test/testscripts/HSBU/64bits/Interfaces/AGG/as_encaps 
36438, /system-test/testscripts/HSBU/64bits/Protocols/Sanity/ldp_sanity.pl 
36439, /system-test/testscripts/HSBU/64bits/Protocols/Sanity/lsp_sanity.pl 
40809, /system-test/testscripts/HSBU/Infrastructure/GRES/64BITS_RE/64bit/rli_11770_gres_nsr.pl 
41410, /system-test/testscripts/HSBU/Applications/mixed/sangria/VZ_migrate_ccc.pl 
41633, /system-test/testscripts/HSBU/Applications/mixed/sangria/rli11527_sangria_apps_ifl_scaling.pl 
45151, /system-test/testscripts/HSBU/Protocols/VPLS/vpls_lb_rt.pl 
45600, /system-test/testscripts/HSBU/Belvedere/Protocols/J131_16871_BLVD_bfd_sanity_ae.pl 
47557, /system-test/testscripts/HSBU/Belvedere/Scale_Perf/J131_16874_BLVD_scale_ifl.pl 
49911, /system-test/testscripts/HSBU/Applications/multiservices/sangria/J_123_rli15594_sangria_multi_feature_nsr.pl 
49967, /system-test/testscripts/HSBU/Belvedere/Scale_Perf/J131_16874_BLVD_scale_firewall_nested_filter.pl 
50363, /system-test/testscripts/HSBU/Infrastructure/Services/114_dfc_notif_proto_ipv6_t.pl 
50440, /system-test/testscripts/HSBU/Infrastructure/Services/114_dfc-perf-part1.1_ipv6_t.pl 
50493, /system-test/testscripts/HSBU/Interfaces/Brooklyn/apps-multiservice_40g 
51434, /system-test/testscripts/HSBU/Interfaces/Sangria/J121_RLI_20205_ptx5000_sangria_ipv6-lpm-multiservice.pl 
53074, /system-test/testscripts/HSBU/t4k/Interfaces/Nebula/J123_19635_nebula_rsvp_scaling.pl 
54348, /system-test/testscripts/HSBU/Infrastructure/PFE/Sangria/J123_18945_ptx_cos_schedulers_mixed_speed.pl 
54401, /system-test/testscripts/HSBU/t4k/Infrastucture/ISSU/J132_18375_t4k_bgp_route_propagation_convergence_issu.pl 
54403, /system-test/testscripts/HSBU/t4k/Infrastucture/ISSU/J132_18375_t4k_issu_ipv6_over_ipv4_ip_tunnel.pl 
57011, /system-test/testscripts/HSBU/t4k/Infrastucture/ISSU/J132_18375_t4k_issu_scheduler_RED_TX.pl 
57786, /system-test/testscripts/HSBU/Interfaces/Sangria/Eristoff/J132_17524_SangriaIntf_10G_WAN.pl 
57790, /system-test/testscripts/HSBU/Interfaces/Sangria/Eristoff/J132_17524_SangriaIntf2_10G_WAN.pl 
58068, /system-test/testscripts/HSBU/t4k/Infrastucture/ISSU/J132_18375_t4k_apps-multiservice_issu_mcast.pl 
58072, /system-test/testscripts/HSBU/t4k/Infrastucture/CFD/J121_PR839696.belgacom.pl 
58141, /system-test/testscripts/HSBU/Protocols/IPv6/104_RLI12655.pl 
58336, /system-test/testscripts/HSBU/t4k/Protocols/AE/J132_17486_t4000_ecmp_agg_mpls.pl 
58398, /system-test/testscripts/HSBU/t4k/Protocols/AE/J132_17486_t4000_AE_LACP_LinkProtection.pl 
58399, /system-test/testscripts/HSBU/t4k/Protocols/AE/J132_17486_t4000_ipv4_ecmpagg.pl 
58400, /system-test/testscripts/HSBU/t4k/Protocols/AE/J132_17486_t4000_mpls_ecmp_ae_lb_hash_key_2x4.pl 
58630, /system-test/testscripts/HSBU/t4k/Protocols/OSPF/J121_14058_t-series_OSPF_redistribution_TC4.pl 
58997, /system-test/testscripts/HSBU/Infrastructure/PFE/NH/J123_tseries_PR832035.pl 
59111, /system-test/testscripts/HSBU/Interfaces/Cuervo/J123_tseries_PR754344.pl 
59166, /system-test/testscripts/HSBU/t4k/Infrastucture/CFD/PR_t-series_795393.pl 
59216, /system-test/testscripts/HSBU/Protocols/Sangria/IPV6/J123_RLI_20759_PTX_ipv6_filter.pl 
59217, /system-test/testscripts/HSBU/Interfaces/10GE/J121_TSeries_PR815883.pl 
59218, /system-test/testscripts/HSBU/Protocols/Sangria/IPV6/J123_RLI_20759_PTX_ipv6_ifl.pl 
59321, /system-test/testscripts/HSBU/t4k/Interfaces/10GE/J121_PR723701.pl 
59349, /system-test/testscripts/HSBU/Protocols/Sangria/IPV6/J123_RLI_20759_PTX_ipv6_multicast.pl 
59362, /system-test/testscripts/HSBU/Infrastructure/PR/J123_864551_t1600_memleak.pl 
59365, /system-test/testscripts/HSBU/Infrastructure/PR/J121_711510_chassisscheduler.pl 
59366, /system-test/testscripts/HSBU/t4k/PR/J121_t4000_PR770611.pl 
61739, /system-test/testscripts/HSBU/TXP/PR/J121_txp_PR811480.pl 
61779, /system-test/testscripts/HSBU/ISSU/TXP/J123_20189_txp_apps-multiservice_issu.pl 
61934, /system-test/testscripts/HSBU/t4k/Infrastucture/FirewallFilters/J122_t4000_PR752824.pl 
61979, /system-test/testscripts/HSBU/Interfaces/EOAM/J122_15116_ae_eoam_basic.pl 
61987, /system-test/testscripts/HSBU/Infrastructure/Safari/SCE/RouteReflector/HS22/jcs_rr_scaling_64bit.pl 
61988, /system-test/testscripts/HSBU/t4k/Infrastucture/Misc/PR_874653_info_cell.pl 
61995, /system-test/testscripts/HSBU/CFD/PR747454_grintdown.pl 
62039, /system-test/testscripts/HSBU/Infrastructure/CFD/J132_PR795588_FWlog.pl 
62045, /system-test/testscripts/Infrastructure/PFE/NH/pr756464.pl 
62049, /system-test/testscripts/HSBU/Infrastructure/CFD/J100_t1600_PR776731.pl 
62070, /system-test/testscripts/HSBU/ISSU/TXP/txp_issu_l3prot_l3vpn_l2ckt_filter.pl 
62171, /system-test/testscripts/HSBU/Infrastructure/STFPC2/J132_tseries_PR851729.pl 
62179, /system-test/testscripts/HSBU/t4k/Infrastucture/Misc/J121_777235_fpc_temp.pl 
62181, /system-test/testscripts/HSBU/t4k/Interfaces/10GE/J122_t4000_PR772372.pl 
